[{"model": "contenttypes.contenttype", "pk": 1, "fields": {"app_label": "admin", "model": "logentry"}}, {"model": "contenttypes.contenttype", "pk": 2, "fields": {"app_label": "auth", "model": "permission"}}, {"model": "contenttypes.contenttype", "pk": 3, "fields": {"app_label": "auth", "model": "group"}}, {"model": "contenttypes.contenttype", "pk": 4, "fields": {"app_label": "auth", "model": "user"}}, {"model": "contenttypes.contenttype", "pk": 5, "fields": {"app_label": "contenttypes", "model": "contenttype"}}, {"model": "contenttypes.contenttype", "pk": 6, "fields": {"app_label": "sessions", "model": "session"}}, {"model": "contenttypes.contenttype", "pk": 7, "fields": {"app_label": "blog", "model": "post"}}, {"model": "contenttypes.contenttype", "pk": 8, "fields": {"app_label": "users", "model": "profile"}}, {"model": "contenttypes.contenttype", "pk": 9, "fields": {"app_label": "blog", "model": "friend"}}, {"model": "contenttypes.contenttype", "pk": 10, "fields": {"app_label": "blog", "model": "comment"}}, {"model": "sessions.session", "pk": "19e2keltcgkzlhkxk6igdtcadtdbxpap", "fields": {"session_data": "Zjk1YzdlZjAyNzYyNzc0NWVlNGU4MGZlMWEwNjBlMjVlZjFmNWQ3NDp7Il9hdXRoX3VzZXJfaWQiOiIxNSIsIl9hdXRoX3VzZXJfYmFja2VuZCI6ImRqYW5nby5jb250cmliLmF1dGguYmFja2VuZHMuTW9kZWxCYWNrZW5kIiwiX2F1dGhfdXNlcl9oYXNoIjoiMzQ0NDdmN2ZkMmJlN2IxMDJkNWNlZTk5NGExMjhjNDhhNTgyNjg1NSJ9", "expire_date": "2019-11-09T19:36:47.206Z"}}, {"model": "sessions.session", "pk": "9v7ibi0u1vg3vng4fz9mdmr4vi4t5byk", "fields": {"session_data": "OTUyMjVkNDY0ZTU0MGJjZjczYmQ0MzA3MjIyMWNhODMxZGNkNzFlMTp7Il9hdXRoX3VzZXJfaWQiOiIxNyIsIl9hdXRoX3VzZXJfYmFja2VuZCI6ImRqYW5nby5jb250cmliLmF1dGguYmFja2VuZHMuTW9kZWxCYWNrZW5kIiwiX2F1dGhfdXNlcl9oYXNoIjoiZDg5MDM0MWQyOTA1ODNkZjdlOGM5YjFkYzExOGRkNzk0MTA0MWQyMiJ9", "expire_date": "2019-11-29T20:08:15.694Z"}}, {"model": "sessions.session", "pk": "blpwcsa5xg564kw8o72rolsmfjvnzen6", "fields": {"session_data": "OTUyMjVkNDY0ZTU0MGJjZjczYmQ0MzA3MjIyMWNhODMxZGNkNzFlMTp7Il9hdXRoX3VzZXJfaWQiOiIxNyIsIl9hdXRoX3VzZXJfYmFja2VuZCI6ImRqYW5nby5jb250cmliLmF1dGguYmFja2VuZHMuTW9kZWxCYWNrZW5kIiwiX2F1dGhfdXNlcl9oYXNoIjoiZDg5MDM0MWQyOTA1ODNkZjdlOGM5YjFkYzExOGRkNzk0MTA0MWQyMiJ9", "expire_date": "2019-11-05T07:50:53.741Z"}}, {"model": "sessions.session", "pk": "f6093inqlzoj5ma55a2z1fiewu53elwf", "fields": {"session_data": "OTUyMjVkNDY0ZTU0MGJjZjczYmQ0MzA3MjIyMWNhODMxZGNkNzFlMTp7Il9hdXRoX3VzZXJfaWQiOiIxNyIsIl9hdXRoX3VzZXJfYmFja2VuZCI6ImRqYW5nby5jb250cmliLmF1dGguYmFja2VuZHMuTW9kZWxCYWNrZW5kIiwiX2F1dGhfdXNlcl9oYXNoIjoiZDg5MDM0MWQyOTA1ODNkZjdlOGM5YjFkYzExOGRkNzk0MTA0MWQyMiJ9", "expire_date": "2020-01-08T09:34:22.612Z"}}, {"model": "sessions.session", "pk": "flbsfhhv8k7e8vmrdxp9i7h620wvz7qd", "fields": {"session_data": "ZjdmZTAxOTZkZDhlM2FhYjRmMjRhYzhkN2JlOTc2NzEyMzY0YmI5MTp7fQ==", "expire_date": "2019-10-08T19:47:20.119Z"}}, {"model": "sessions.session", "pk": "fpjz3xfukyt9h6l14b7d4cf7am4edfn3", "fields": {"session_data": "Zjk1YzdlZjAyNzYyNzc0NWVlNGU4MGZlMWEwNjBlMjVlZjFmNWQ3NDp7Il9hdXRoX3VzZXJfaWQiOiIxNSIsIl9hdXRoX3VzZXJfYmFja2VuZCI6ImRqYW5nby5jb250cmliLmF1dGguYmFja2VuZHMuTW9kZWxCYWNrZW5kIiwiX2F1dGhfdXNlcl9oYXNoIjoiMzQ0NDdmN2ZkMmJlN2IxMDJkNWNlZTk5NGExMjhjNDhhNTgyNjg1NSJ9", "expire_date": "2019-10-22T20:23:32.335Z"}}, {"model": "sessions.session", "pk": "gf78ii4lrgn7f92vjt48rbm8d9uk3wb7", "fields": {"session_data": "ZjdmZTAxOTZkZDhlM2FhYjRmMjRhYzhkN2JlOTc2NzEyMzY0YmI5MTp7fQ==", "expire_date": "2020-01-01T08:33:11.545Z"}}, {"model": "sessions.session", "pk": "kpdfs55aburjojccikipp8j7smdnkclo", "fields": {"session_data": "OTUyMjVkNDY0ZTU0MGJjZjczYmQ0MzA3MjIyMWNhODMxZGNkNzFlMTp7Il9hdXRoX3VzZXJfaWQiOiIxNyIsIl9hdXRoX3VzZXJfYmFja2VuZCI6ImRqYW5nby5jb250cmliLmF1dGguYmFja2VuZHMuTW9kZWxCYWNrZW5kIiwiX2F1dGhfdXNlcl9oYXNoIjoiZDg5MDM0MWQyOTA1ODNkZjdlOGM5YjFkYzExOGRkNzk0MTA0MWQyMiJ9", "expire_date": "2019-11-22T19:34:23.393Z"}}, {"model": "sessions.session", "pk": "njlavr7porflh5o3pq2h8l1bt3immlmh", "fields": {"session_data": "Zjk1YzdlZjAyNzYyNzc0NWVlNGU4MGZlMWEwNjBlMjVlZjFmNWQ3NDp7Il9hdXRoX3VzZXJfaWQiOiIxNSIsIl9hdXRoX3VzZXJfYmFja2VuZCI6ImRqYW5nby5jb250cmliLmF1dGguYmFja2VuZHMuTW9kZWxCYWNrZW5kIiwiX2F1dGhfdXNlcl9oYXNoIjoiMzQ0NDdmN2ZkMmJlN2IxMDJkNWNlZTk5NGExMjhjNDhhNTgyNjg1NSJ9", "expire_date": "2019-12-11T18:47:13.980Z"}}, {"model": "sessions.session", "pk": "p9xftaxpcvxuora9aue5dixglm8ucy2v", "fields": {"session_data": "ZjdmZTAxOTZkZDhlM2FhYjRmMjRhYzhkN2JlOTc2NzEyMzY0YmI5MTp7fQ==", "expire_date": "2019-10-08T19:52:48.351Z"}}, {"model": "sessions.session", "pk": "u36e5uy7sz3vs9s1ubr4jjxmnfeq5mit", "fields": {"session_data": "ZjZiMjRhZWQ3MDEwZjkxYTBjYWY2YmFjYjliNTUyNWI1ZmNjYmI1Mzp7Il9hdXRoX3VzZXJfaWQiOiIyMSIsIl9hdXRoX3VzZXJfYmFja2VuZCI6ImRqYW5nby5jb250cmliLmF1dGguYmFja2VuZHMuTW9kZWxCYWNrZW5kIiwiX2F1dGhfdXNlcl9oYXNoIjoiNWNlYzIxODg3YTg4MzFhZDIxNjE4ZDI2YzZiNjliMDY1ZTFkYTZjMCJ9", "expire_date": "2019-12-16T18:42:52.001Z"}}, {"model": "sessions.session", "pk": "ulqvnjy3p4jvg0q4n2p1qcise1azn5qt", "fields": {"session_data": "ZjZiMjRhZWQ3MDEwZjkxYTBjYWY2YmFjYjliNTUyNWI1ZmNjYmI1Mzp7Il9hdXRoX3VzZXJfaWQiOiIyMSIsIl9hdXRoX3VzZXJfYmFja2VuZCI6ImRqYW5nby5jb250cmliLmF1dGguYmFja2VuZHMuTW9kZWxCYWNrZW5kIiwiX2F1dGhfdXNlcl9oYXNoIjoiNWNlYzIxODg3YTg4MzFhZDIxNjE4ZDI2YzZiNjliMDY1ZTFkYTZjMCJ9", "expire_date": "2019-12-16T12:48:46.326Z"}}, {"model": "sessions.session", "pk": "usmdyct8qhwphe7iunbo3pda2fgf82iu", "fields": {"session_data": "Zjk1YzdlZjAyNzYyNzc0NWVlNGU4MGZlMWEwNjBlMjVlZjFmNWQ3NDp7Il9hdXRoX3VzZXJfaWQiOiIxNSIsIl9hdXRoX3VzZXJfYmFja2VuZCI6ImRqYW5nby5jb250cmliLmF1dGguYmFja2VuZHMuTW9kZWxCYWNrZW5kIiwiX2F1dGhfdXNlcl9oYXNoIjoiMzQ0NDdmN2ZkMmJlN2IxMDJkNWNlZTk5NGExMjhjNDhhNTgyNjg1NSJ9", "expire_date": "2019-11-09T19:16:15.165Z"}}, {"model": "sessions.session", "pk": "yfe5ygdi3dbnhuacj626y4w72icgaaki", "fields": {"session_data": "OTUyMjVkNDY0ZTU0MGJjZjczYmQ0MzA3MjIyMWNhODMxZGNkNzFlMTp7Il9hdXRoX3VzZXJfaWQiOiIxNyIsIl9hdXRoX3VzZXJfYmFja2VuZCI6ImRqYW5nby5jb250cmliLmF1dGguYmFja2VuZHMuTW9kZWxCYWNrZW5kIiwiX2F1dGhfdXNlcl9oYXNoIjoiZDg5MDM0MWQyOTA1ODNkZjdlOGM5YjFkYzExOGRkNzk0MTA0MWQyMiJ9", "expire_date": "2019-11-07T05:47:07.433Z"}}, {"model": "sessions.session", "pk": "yprqenoq3lyjy2w9bj4vrx0utr318qnz", "fields": {"session_data": "OTUyMjVkNDY0ZTU0MGJjZjczYmQ0MzA3MjIyMWNhODMxZGNkNzFlMTp7Il9hdXRoX3VzZXJfaWQiOiIxNyIsIl9hdXRoX3VzZXJfYmFja2VuZCI6ImRqYW5nby5jb250cmliLmF1dGguYmFja2VuZHMuTW9kZWxCYWNrZW5kIiwiX2F1dGhfdXNlcl9oYXNoIjoiZDg5MDM0MWQyOTA1ODNkZjdlOGM5YjFkYzExOGRkNzk0MTA0MWQyMiJ9", "expire_date": "2019-12-30T05:20:08.328Z"}}, {"model": "auth.permission", "pk": 1, "fields": {"name": "Can add log entry", "content_type": 1, "codename": "add_logentry"}}, {"model": "auth.permission", "pk": 2, "fields": {"name": "Can change log entry", "content_type": 1, "codename": "change_logentry"}}, {"model": "auth.permission", "pk": 3, "fields": {"name": "Can delete log entry", "content_type": 1, "codename": "delete_logentry"}}, {"model": "auth.permission", "pk": 4, "fields": {"name": "Can view log entry", "content_type": 1, "codename": "view_logentry"}}, {"model": "auth.permission", "pk": 5, "fields": {"name": "Can add permission", "content_type": 2, "codename": "add_permission"}}, {"model": "auth.permission", "pk": 6, "fields": {"name": "Can change permission", "content_type": 2, "codename": "change_permission"}}, {"model": "auth.permission", "pk": 7, "fields": {"name": "Can delete permission", "content_type": 2, "codename": "delete_permission"}}, {"model": "auth.permission", "pk": 8, "fields": {"name": "Can view permission", "content_type": 2, "codename": "view_permission"}}, {"model": "auth.permission", "pk": 9, "fields": {"name": "Can add group", "content_type": 3, "codename": "add_group"}}, {"model": "auth.permission", "pk": 10, "fields": {"name": "Can change group", "content_type": 3, "codename": "change_group"}}, {"model": "auth.permission", "pk": 11, "fields": {"name": "Can delete group", "content_type": 3, "codename": "delete_group"}}, {"model": "auth.permission", "pk": 12, "fields": {"name": "Can view group", "content_type": 3, "codename": "view_group"}}, {"model": "auth.permission", "pk": 13, "fields": {"name": "Can add user", "content_type": 4, "codename": "add_user"}}, {"model": "auth.permission", "pk": 14, "fields": {"name": "Can change user", "content_type": 4, "codename": "change_user"}}, {"model": "auth.permission", "pk": 15, "fields": {"name": "Can delete user", "content_type": 4, "codename": "delete_user"}}, {"model": "auth.permission", "pk": 16, "fields": {"name": "Can view user", "content_type": 4, "codename": "view_user"}}, {"model": "auth.permission", "pk": 17, "fields": {"name": "Can add content type", "content_type": 5, "codename": "add_contenttype"}}, {"model": "auth.permission", "pk": 18, "fields": {"name": "Can change content type", "content_type": 5, "codename": "change_contenttype"}}, {"model": "auth.permission", "pk": 19, "fields": {"name": "Can delete content type", "content_type": 5, "codename": "delete_contenttype"}}, {"model": "auth.permission", "pk": 20, "fields": {"name": "Can view content type", "content_type": 5, "codename": "view_contenttype"}}, {"model": "auth.permission", "pk": 21, "fields": {"name": "Can add session", "content_type": 6, "codename": "add_session"}}, {"model": "auth.permission", "pk": 22, "fields": {"name": "Can change session", "content_type": 6, "codename": "change_session"}}, {"model": "auth.permission", "pk": 23, "fields": {"name": "Can delete session", "content_type": 6, "codename": "delete_session"}}, {"model": "auth.permission", "pk": 24, "fields": {"name": "Can view session", "content_type": 6, "codename": "view_session"}}, {"model": "auth.permission", "pk": 25, "fields": {"name": "Can add post", "content_type": 7, "codename": "add_post"}}, {"model": "auth.permission", "pk": 26, "fields": {"name": "Can change post", "content_type": 7, "codename": "change_post"}}, {"model": "auth.permission", "pk": 27, "fields": {"name": "Can delete post", "content_type": 7, "codename": "delete_post"}}, {"model": "auth.permission", "pk": 28, "fields": {"name": "Can view post", "content_type": 7, "codename": "view_post"}}, {"model": "auth.permission", "pk": 29, "fields": {"name": "Can add profile", "content_type": 8, "codename": "add_profile"}}, {"model": "auth.permission", "pk": 30, "fields": {"name": "Can change profile", "content_type": 8, "codename": "change_profile"}}, {"model": "auth.permission", "pk": 31, "fields": {"name": "Can delete profile", "content_type": 8, "codename": "delete_profile"}}, {"model": "auth.permission", "pk": 32, "fields": {"name": "Can view profile", "content_type": 8, "codename": "view_profile"}}, {"model": "auth.permission", "pk": 33, "fields": {"name": "Can add friend", "content_type": 9, "codename": "add_friend"}}, {"model": "auth.permission", "pk": 34, "fields": {"name": "Can change friend", "content_type": 9, "codename": "change_friend"}}, {"model": "auth.permission", "pk": 35, "fields": {"name": "Can delete friend", "content_type": 9, "codename": "delete_friend"}}, {"model": "auth.permission", "pk": 36, "fields": {"name": "Can view friend", "content_type": 9, "codename": "view_friend"}}, {"model": "auth.permission", "pk": 37, "fields": {"name": "Can add comment", "content_type": 10, "codename": "add_comment"}}, {"model": "auth.permission", "pk": 38, "fields": {"name": "Can change comment", "content_type": 10, "codename": "change_comment"}}, {"model": "auth.permission", "pk": 39, "fields": {"name": "Can delete comment", "content_type": 10, "codename": "delete_comment"}}, {"model": "auth.permission", "pk": 40, "fields": {"name": "Can view comment", "content_type": 10, "codename": "view_comment"}}, {"model": "auth.user", "pk": 1, "fields": {"password": "pbkdf2_sha256$150000$oYBEjsMZIlA5$h1JHNq0X0hle0GDALPFvZr/3+DLoADu2na42bT8f9Eo=", "last_login": "2019-12-23T19:09:47.007Z", "is_superuser": true, "username": "jr135293", "first_name": "jack", "last_name": "ryan", "email": "jr135293@gmail.com", "is_staff": true, "is_active": true, "date_joined": "2019-09-15T08:51:31Z", "groups": [], "user_permissions": []}}, {"model": "auth.user", "pk": 2, "fields": {"password": "pbkdf2_sha256$150000$BGXQVc4Umy11$pCI4L3v4uiNvvFYpBueA3jgslzfAOtS3kyHNqbwCAMI=", "last_login": "2019-11-26T09:20:35.463Z", "is_superuser": false, "username": "testUser", "first_name": "", "last_name": "", "email": "testUser@company.com", "is_staff": false, "is_active": true, "date_joined": "2019-09-15T08:58:08Z", "groups": [], "user_permissions": []}}, {"model": "auth.user", "pk": 7, "fields": {"password": "pbkdf2_sha256$150000$YEOlPF2SCwP6$QoLbTSDaodreYNYi2Zqn5COO789G+TOzDt4wqsvOMpA=", "last_login": "2019-09-21T19:32:35.770Z", "is_superuser": false, "username": "Newuser4", "first_name": "", "last_name": "", "email": "nu4@company.com", "is_staff": false, "is_active": true, "date_joined": "2019-09-21T19:31:26.098Z", "groups": [], "user_permissions": []}}, {"model": "auth.user", "pk": 14, "fields": {"password": "pbkdf2_sha256$150000$FEF2LGYhxXvt$hwu5zv2MM0mMmY9j2ULpxF+hL/vSzlEg40G3Ci+FU7s=", "last_login": "2019-09-26T19:54:50.808Z", "is_superuser": false, "username": "banchod", "first_name": "", "last_name": "", "email": "banchodbal@gmail.com", "is_staff": false, "is_active": true, "date_joined": "2019-09-25T05:56:24.157Z", "groups": [], "user_permissions": []}}, {"model": "auth.user", "pk": 15, "fields": {"password": "pbkdf2_sha256$150000$o5JyJrJUzGYi$7niNC2Tkx0y4R7A2tVtNrmc9nbK3kfVWHvcWViyWXQg=", "last_login": "2019-12-18T08:14:18.587Z", "is_superuser": false, "username": "khanki123", "first_name": "khanki", "last_name": "magi", "email": "kahankimagi289@gmail.com", "is_staff": false, "is_active": true, "date_joined": "2019-09-25T08:07:59.140Z", "groups": [], "user_permissions": []}}, {"model": "auth.user", "pk": 16, "fields": {"password": "pbkdf2_sha256$150000$2QAqyvDddQbn$4V01R637ySw36qRJcBtMGR0ZHBiu0o4gWUXfd5vNkKo=", "last_login": "2019-10-11T08:39:38.466Z", "is_superuser": false, "username": "bokachoda123", "first_name": "bokachoda", "last_name": "chele", "email": "bokachoda123@mol.com", "is_staff": false, "is_active": true, "date_joined": "2019-09-25T08:10:21.156Z", "groups": [], "user_permissions": []}}, {"model": "auth.user", "pk": 17, "fields": {"password": "pbkdf2_sha256$150000$bdP4kLquBcow$DQZbM4IbuT2tgE8R2EyROm8nqmFwoawOv8sBIWoZTmY=", "last_login": "2019-12-25T09:34:22.560Z", "is_superuser": false, "username": "sourda", "first_name": "sourav2", "last_name": "das2", "email": "souravdas.sd330@gmail.com", "is_staff": false, "is_active": true, "date_joined": "2019-09-25T08:47:16.422Z", "groups": [], "user_permissions": []}}, {"model": "auth.user", "pk": 18, "fields": {"password": "pbkdf2_sha256$150000$C6dfbc12xjN3$EhD7pwdiZCTCGekFKYYonm2sWJE/U2hdfcdadD7snmE=", "last_login": "2019-09-26T08:07:51.734Z", "is_superuser": false, "username": "Jr135293", "first_name": "Lewra", "last_name": "Choron", "email": "lewrachoron@gmail.com", "is_staff": false, "is_active": true, "date_joined": "2019-09-26T08:07:01.273Z", "groups": [], "user_permissions": []}}, {"model": "auth.user", "pk": 20, "fields": {"password": "pbkdf2_sha256$150000$MtAS9ETJTFD5$A+q6221dnDapCdXmngnsUM04RLjz8va2KcsM0ni3ZiA=", "last_login": "2019-12-18T08:24:59.761Z", "is_superuser": false, "username": "bokachoda", "first_name": "boka", "last_name": "choda", "email": "bokachoda@mail.com", "is_staff": false, "is_active": true, "date_joined": "2019-10-10T14:16:43.640Z", "groups": [], "user_permissions": []}}, {"model": "auth.user", "pk": 21, "fields": {"password": "pbkdf2_sha256$150000$MmNXnBKPPS3b$/Jktdvy1tDOf7efwRRJO0Ny9fZ9QMKlX0RCVRj9aO1M=", "last_login": "2019-12-02T20:37:12.588Z", "is_superuser": false, "username": "Souravdas", "first_name": "Sourav", "last_name": "Das", "email": "souravdas.sd330@gmail.com", "is_staff": false, "is_active": true, "date_joined": "2019-12-02T12:48:22.815Z", "groups": [], "user_permissions": []}}, {"model": "admin.logentry", "pk": 1, "fields": {"action_time": "2019-09-15T08:58:08.361Z", "user": 1, "content_type": 4, "object_id": "2", "object_repr": "testUser", "action_flag": 1, "change_message": "[{\"added\": {}}]"}}, {"model": "admin.logentry", "pk": 2, "fields": {"action_time": "2019-09-15T08:59:21.843Z", "user": 1, "content_type": 4, "object_id": "2", "object_repr": "testUser", "action_flag": 2, "change_message": "[{\"changed\": {\"fields\": [\"email\"]}}]"}}, {"model": "admin.logentry", "pk": 3, "fields": {"action_time": "2019-09-18T08:34:08.869Z", "user": 1, "content_type": 7, "object_id": "1", "object_repr": "blog 1 updated", "action_flag": 2, "change_message": "[{\"changed\": {\"fields\": [\"title\", \"content\"]}}]"}}, {"model": "admin.logentry", "pk": 4, "fields": {"action_time": "2019-09-18T08:35:10.732Z", "user": 1, "content_type": 7, "object_id": "3", "object_repr": "blog 3", "action_flag": 2, "change_message": "[{\"changed\": {\"fields\": [\"author\"]}}]"}}, {"model": "admin.logentry", "pk": 5, "fields": {"action_time": "2019-09-21T08:45:18.985Z", "user": 1, "content_type": 8, "object_id": "1", "object_repr": "jr135293 profile", "action_flag": 1, "change_message": "[{\"added\": {}}]"}}, {"model": "admin.logentry", "pk": 6, "fields": {"action_time": "2019-09-21T08:45:58.061Z", "user": 1, "content_type": 8, "object_id": "2", "object_repr": "testUser profile", "action_flag": 1, "change_message": "[{\"added\": {}}]"}}, {"model": "admin.logentry", "pk": 7, "fields": {"action_time": "2019-09-21T09:03:12.361Z", "user": 1, "content_type": 8, "object_id": "2", "object_repr": "testUser profile", "action_flag": 3, "change_message": ""}}, {"model": "admin.logentry", "pk": 8, "fields": {"action_time": "2019-09-21T09:03:12.406Z", "user": 1, "content_type": 8, "object_id": "1", "object_repr": "jr135293 profile", "action_flag": 3, "change_message": ""}}, {"model": "admin.logentry", "pk": 9, "fields": {"action_time": "2019-09-21T09:03:38.119Z", "user": 1, "content_type": 8, "object_id": "3", "object_repr": "jr135293 profile", "action_flag": 1, "change_message": "[{\"added\": {}}]"}}, {"model": "admin.logentry", "pk": 10, "fields": {"action_time": "2019-09-21T09:04:05.782Z", "user": 1, "content_type": 8, "object_id": "4", "object_repr": "testUser profile", "action_flag": 1, "change_message": "[{\"added\": {}}]"}}, {"model": "admin.logentry", "pk": 11, "fields": {"action_time": "2019-09-21T19:29:24.255Z", "user": 1, "content_type": 4, "object_id": "5", "object_repr": "Newuser3", "action_flag": 3, "change_message": ""}}, {"model": "admin.logentry", "pk": 12, "fields": {"action_time": "2019-09-21T19:29:24.280Z", "user": 1, "content_type": 4, "object_id": "6", "object_repr": "newuser3", "action_flag": 3, "change_message": ""}}, {"model": "admin.logentry", "pk": 13, "fields": {"action_time": "2019-09-24T09:31:20.201Z", "user": 1, "content_type": 4, "object_id": "8", "object_repr": "testuser5", "action_flag": 3, "change_message": ""}}, {"model": "admin.logentry", "pk": 14, "fields": {"action_time": "2019-09-24T19:57:47.506Z", "user": 1, "content_type": 4, "object_id": "11", "object_repr": "coreyms23", "action_flag": 3, "change_message": ""}}, {"model": "admin.logentry", "pk": 15, "fields": {"action_time": "2019-09-24T19:57:47.533Z", "user": 1, "content_type": 4, "object_id": "10", "object_repr": "testuser10", "action_flag": 3, "change_message": ""}}, {"model": "admin.logentry", "pk": 16, "fields": {"action_time": "2019-09-24T19:57:47.561Z", "user": 1, "content_type": 4, "object_id": "9", "object_repr": "testuser57", "action_flag": 3, "change_message": ""}}, {"model": "admin.logentry", "pk": 17, "fields": {"action_time": "2019-09-25T07:44:05.737Z", "user": 1, "content_type": 4, "object_id": "1", "object_repr": "jr135293", "action_flag": 2, "change_message": "[{\"changed\": {\"fields\": [\"first_name\", \"last_name\"]}}]"}}, {"model": "admin.logentry", "pk": 18, "fields": {"action_time": "2019-09-25T08:46:21.899Z", "user": 1, "content_type": 4, "object_id": "3", "object_repr": "NEWUSER", "action_flag": 3, "change_message": ""}}, {"model": "admin.logentry", "pk": 19, "fields": {"action_time": "2019-09-25T08:46:21.939Z", "user": 1, "content_type": 4, "object_id": "13", "object_repr": "cavin", "action_flag": 3, "change_message": ""}}, {"model": "admin.logentry", "pk": 20, "fields": {"action_time": "2019-09-25T08:46:21.973Z", "user": 1, "content_type": 4, "object_id": "4", "object_repr": "newuser2", "action_flag": 3, "change_message": ""}}, {"model": "admin.logentry", "pk": 21, "fields": {"action_time": "2019-09-25T08:46:22.009Z", "user": 1, "content_type": 4, "object_id": "12", "object_repr": "sourda", "action_flag": 3, "change_message": ""}}, {"model": "admin.logentry", "pk": 22, "fields": {"action_time": "2019-09-26T19:42:51.217Z", "user": 1, "content_type": 8, "object_id": "11", "object_repr": "Suorerba66a profile", "action_flag": 3, "change_message": ""}}, {"model": "admin.logentry", "pk": 23, "fields": {"action_time": "2019-09-28T19:18:26.914Z", "user": 1, "content_type": 8, "object_id": "10", "object_repr": "Jr135293 profile", "action_flag": 2, "change_message": "[{\"changed\": {\"fields\": [\"Bio\", \"website\", \"Gender\"]}}]"}}, {"model": "admin.logentry", "pk": 24, "fields": {"action_time": "2019-10-10T14:08:19.401Z", "user": 1, "content_type": 7, "object_id": "1", "object_repr": "blog 1 updated", "action_flag": 2, "change_message": "[{\"changed\": {\"fields\": [\"image\"]}}]"}}, {"model": "admin.logentry", "pk": 25, "fields": {"action_time": "2019-10-10T15:04:11.993Z", "user": 1, "content_type": 7, "object_id": "6", "object_repr": "6th blog", "action_flag": 3, "change_message": ""}}, {"model": "admin.logentry", "pk": 26, "fields": {"action_time": "2019-10-11T07:45:27.483Z", "user": 1, "content_type": 7, "object_id": "7", "object_repr": "6th blog", "action_flag": 3, "change_message": ""}}, {"model": "admin.logentry", "pk": 27, "fields": {"action_time": "2019-10-11T07:47:12.078Z", "user": 1, "content_type": 7, "object_id": "8", "object_repr": "7th blog", "action_flag": 1, "change_message": "[{\"added\": {}}]"}}, {"model": "admin.logentry", "pk": 28, "fields": {"action_time": "2019-10-11T07:59:13.724Z", "user": 1, "content_type": 7, "object_id": "9", "object_repr": "8th post", "action_flag": 1, "change_message": "[{\"added\": {}}]"}}, {"model": "admin.logentry", "pk": 29, "fields": {"action_time": "2019-10-13T11:09:47.627Z", "user": 1, "content_type": 7, "object_id": "1", "object_repr": "blog 1 updated", "action_flag": 2, "change_message": "[{\"changed\": {\"fields\": [\"image\"]}}]"}}, {"model": "admin.logentry", "pk": 30, "fields": {"action_time": "2019-10-13T11:10:19.165Z", "user": 1, "content_type": 7, "object_id": "1", "object_repr": "blog 1 updated", "action_flag": 2, "change_message": "[{\"changed\": {\"fields\": [\"image\"]}}]"}}, {"model": "admin.logentry", "pk": 31, "fields": {"action_time": "2019-12-12T08:11:05.197Z", "user": 1, "content_type": 9, "object_id": "1", "object_repr": "Friend object (1)", "action_flag": 1, "change_message": "[{\"added\": {}}]"}}, {"model": "admin.logentry", "pk": 32, "fields": {"action_time": "2019-12-16T05:13:08.973Z", "user": 1, "content_type": 9, "object_id": "4", "object_repr": "Friend object (4)", "action_flag": 1, "change_message": "[{\"added\": {}}]"}}, {"model": "admin.logentry", "pk": 33, "fields": {"action_time": "2019-12-18T08:35:46.876Z", "user": 1, "content_type": 8, "object_id": "13", "object_repr": "Suorerba66a profile", "action_flag": 1, "change_message": "[{\"added\": {}}]"}}, {"model": "admin.logentry", "pk": 34, "fields": {"action_time": "2019-12-18T08:36:38.705Z", "user": 1, "content_type": 8, "object_id": "13", "object_repr": "Suorerba66a profile", "action_flag": 3, "change_message": ""}}, {"model": "admin.logentry", "pk": 35, "fields": {"action_time": "2019-12-18T08:38:01.594Z", "user": 1, "content_type": 4, "object_id": "19", "object_repr": "Suorerba66a", "action_flag": 3, "change_message": ""}}, {"model": "admin.logentry", "pk": 36, "fields": {"action_time": "2019-12-19T07:59:11.518Z", "user": 1, "content_type": 10, "object_id": "1", "object_repr": "8th post.Jr135293", "action_flag": 1, "change_message": "[{\"added\": {}}]"}}, {"model": "admin.logentry", "pk": 37, "fields": {"action_time": "2019-12-23T20:02:21.537Z", "user": 1, "content_type": 10, "object_id": "2", "object_repr": "hello.khanki123", "action_flag": 1, "change_message": "[{\"added\": {}}]"}}, {"model": "users.profile", "pk": 3, "fields": {"user": 1, "image": "profile_pics/Penguins_ztElhuv.jpg", "coverpic": "default.jpg", "Bio": "\u09a8\u09bf\u09b6\u09bf\u09a6\u09bf\u09a8 \u0996\u09c1\u0981\u099c\u09c7 \u09ac\u09c7\u09dc\u09be\u0993 \u09ae\u09a8\u09c7\u09b0 \u09ae\u09a4\u09cb \u09ae\u09be\u09a8\u09c1\u09b7 \u0989\u09dc\u09ac\u09c7 \u09ac\u09b2\u09c7 \u0986\u0997\u09c1\u09a8 \u0996\u09cb\u0981\u099c\u09c7  \u09b6\u09be\u09a8\u09cd\u09a4 \u098f\u0995\u099f\u09be \u09ab\u09be\u09a8\u09c1\u09b8 \u0964", "website": "https://xvideos.com", "phone": 5656886896, "Gender": "F"}}, {"model": "users.profile", "pk": 4, "fields": {"user": 2, "image": "default.jpg", "coverpic": "default.jpg", "Bio": "", "website": "", "phone": 0, "Gender": ""}}, {"model": "users.profile", "pk": 5, "fields": {"user": 7, "image": "default.jpg", "coverpic": "default.jpg", "Bio": "", "website": "", "phone": 0, "Gender": ""}}, {"model": "users.profile", "pk": 6, "fields": {"user": 14, "image": "default.jpg", "coverpic": "default.jpg", "Bio": "", "website": "", "phone": 0, "Gender": ""}}, {"model": "users.profile", "pk": 7, "fields": {"user": 15, "image": "profile_pics/Koala.jpg", "coverpic": "default.jpg", "Bio": "\u09a8\u09bf\u09b6\u09bf\u09a6\u09bf\u09a8 \u0996\u09c1\u0981\u099c\u09c7 \u09ac\u09c7\u09dc\u09be\u0993 \u09ae\u09a8\u09c7\u09b0 \u09ae\u09a4\u09cb \u09ae\u09be\u09a8\u09c1\u09b7 \u0989\u09dc\u09ac\u09c7 \u09ac\u09b2\u09c7 \u0986\u0997\u09c1\u09a8 \u0996\u09cb\u0981\u099c\u09c7 \u09b6\u09be\u09a8\u09cd\u09a4 \u098f\u0995\u099f\u09be \u09ab\u09be\u09a8\u09c1\u09b8 \u0964", "website": "https://specymen.ml", "phone": 0, "Gender": "Custom"}}, {"model": "users.profile", "pk": 8, "fields": {"user": 16, "image": "default.jpg", "coverpic": "default.jpg", "Bio": "", "website": "", "phone": 0, "Gender": ""}}, {"model": "users.profile", "pk": 9, "fields": {"user": 17, "image": "default.jpg", "coverpic": "default.jpg", "Bio": "ola hola", "website": "https://xvideos.com", "phone": 124567890, "Gender": "M"}}, {"model": "users.profile", "pk": 10, "fields": {"user": 18, "image": "profile_pics/Screenshot_2019-08-29-00-05-00.png", "coverpic": "default.jpg", "Bio": "humanity", "website": "https://specymen.ml", "phone": 0, "Gender": "M"}}, {"model": "users.profile", "pk": 11, "fields": {"user": 20, "image": "default.jpg", "coverpic": "default.jpg", "Bio": "", "website": "", "phone": 0, "Gender": ""}}, {"model": "users.profile", "pk": 12, "fields": {"user": 21, "image": "profile_pics/Screenshot_2019-05-22-09-33-35_1.jpg", "coverpic": "cover_pic/IMG_20191006_121726.jpg", "Bio": "\u09a8\u09bf\u09b6\u09bf\u09a6\u09bf\u09a8 \u0996\u09c1\u0981\u099c\u09c7 \u09ac\u09c7\u09dc\u09be\u0993 \u09ae\u09a8\u09c7\u09b0 \u09ae\u09a4\u09cb \u09ae\u09be\u09a8\u09c1\u09b7 \u0989\u09dc\u09ac\u09c7 \u09ac\u09b2\u09c7 \u0986\u0997\u09c1\u09a8 \u0996\u09cb\u0981\u099c\u09c7 \u09b6\u09be\u09a8\u09cd\u09a4 \u098f\u0995\u099f\u09be \u09ab\u09be\u09a8\u09c1\u09b8 \u0964", "website": "https://www.instagram.com/souravdas.sd330/", "phone": 0, "Gender": "M"}}, {"model": "blog.comment", "pk": 1, "fields": {"post": 9, "user": 18, "content": "well thats an skull", "timestamp": "2019-12-19T07:59:11.514Z"}}, {"model": "blog.comment", "pk": 2, "fields": {"post": 10, "user": 15, "content": "hi!!!", "timestamp": "2019-12-23T20:02:21.533Z"}}, {"model": "blog.comment", "pk": 3, "fields": {"post": 20, "user": 17, "content": "hlw", "timestamp": "2019-12-25T09:35:01.270Z"}}, {"model": "blog.comment", "pk": 4, "fields": {"post": 20, "user": 17, "content": "hlw", "timestamp": "2019-12-25T09:35:54.655Z"}}, {"model": "blog.comment", "pk": 5, "fields": {"post": 20, "user": 17, "content": "hlw", "timestamp": "2019-12-25T09:38:41.297Z"}}, {"model": "blog.comment", "pk": 6, "fields": {"post": 20, "user": 17, "content": "hlw", "timestamp": "2019-12-25T09:39:23.036Z"}}, {"model": "blog.comment", "pk": 7, "fields": {"post": 20, "user": 17, "content": "nice", "timestamp": "2019-12-25T09:39:44.399Z"}}, {"model": "blog.comment", "pk": 8, "fields": {"post": 20, "user": 17, "content": "nice", "timestamp": "2019-12-25T09:50:01.564Z"}}, {"model": "blog.comment", "pk": 9, "fields": {"post": 20, "user": 17, "content": "nice", "timestamp": "2019-12-25T09:50:48.713Z"}}, {"model": "blog.comment", "pk": 10, "fields": {"post": 20, "user": 17, "content": "no man", "timestamp": "2019-12-25T09:58:17.686Z"}}, {"model": "blog.comment", "pk": 11, "fields": {"post": 20, "user": 17, "content": "hi", "timestamp": "2019-12-25T10:00:05.020Z"}}, {"model": "blog.comment", "pk": 12, "fields": {"post": 20, "user": 17, "content": "no", "timestamp": "2019-12-25T10:04:38.921Z"}}, {"model": "blog.comment", "pk": 13, "fields": {"post": 20, "user": 17, "content": "no", "timestamp": "2019-12-25T10:05:59.932Z"}}, {"model": "blog.comment", "pk": 14, "fields": {"post": 20, "user": 17, "content": "no", "timestamp": "2019-12-25T10:09:22.668Z"}}, {"model": "blog.comment", "pk": 15, "fields": {"post": 20, "user": 17, "content": "kaisub", "timestamp": "2019-12-25T10:13:12.994Z"}}, {"model": "blog.comment", "pk": 16, "fields": {"post": 20, "user": 17, "content": "jnl/j", "timestamp": "2019-12-25T10:14:28.799Z"}}, {"model": "blog.comment", "pk": 17, "fields": {"post": 12, "user": 17, "content": "laliga", "timestamp": "2019-12-25T10:16:08.899Z"}}, {"model": "blog.comment", "pk": 18, "fields": {"post": 12, "user": 17, "content": "hi", "timestamp": "2019-12-25T10:20:14.581Z"}}, {"model": "blog.comment", "pk": 19, "fields": {"post": 12, "user": 17, "content": "banchod ho na", "timestamp": "2019-12-25T10:21:59.955Z"}}, {"model": "blog.comment", "pk": 20, "fields": {"post": 12, "user": 17, "content": "hi frnds", "timestamp": "2019-12-25T10:33:31.450Z"}}, {"model": "blog.comment", "pk": 21, "fields": {"post": 12, "user": 17, "content": "no frnds", "timestamp": "2019-12-25T10:36:32.223Z"}}, {"model": "blog.comment", "pk": 22, "fields": {"post": 12, "user": 17, "content": "kya baat", "timestamp": "2019-12-25T10:38:17.063Z"}}, {"model": "blog.comment", "pk": 23, "fields": {"post": 12, "user": 17, "content": "ay", "timestamp": "2019-12-25T10:42:24.626Z"}}, {"model": "blog.comment", "pk": 24, "fields": {"post": 12, "user": 17, "content": "nnnnnn", "timestamp": "2019-12-25T10:43:40.194Z"}}, {"model": "blog.comment", "pk": 25, "fields": {"post": 12, "user": 17, "content": "gfjla", "timestamp": "2019-12-25T10:52:12.639Z"}}, {"model": "blog.comment", "pk": 26, "fields": {"post": 12, "user": 17, "content": "jijihagsd", "timestamp": "2019-12-25T10:53:53.485Z"}}, {"model": "blog.comment", "pk": 27, "fields": {"post": 12, "user": 17, "content": "fdsbdbnszd", "timestamp": "2019-12-25T10:54:39.278Z"}}, {"model": "blog.comment", "pk": 28, "fields": {"post": 12, "user": 17, "content": "fdbshbxb", "timestamp": "2019-12-25T10:55:15.553Z"}}, {"model": "blog.comment", "pk": 29, "fields": {"post": 12, "user": 17, "content": "mnb..b", "timestamp": "2019-12-25T10:56:00.868Z"}}, {"model": "blog.comment", "pk": 30, "fields": {"post": 12, "user": 17, "content": "fgjdm", "timestamp": "2019-12-25T10:56:19.185Z"}}, {"model": "blog.comment", "pk": 31, "fields": {"post": 12, "user": 17, "content": "vc xnnxngf", "timestamp": "2019-12-25T10:57:02.511Z"}}, {"model": "blog.comment", "pk": 32, "fields": {"post": 12, "user": 17, "content": "ggb ", "timestamp": "2019-12-25T10:59:54.596Z"}}, {"model": "blog.comment", "pk": 33, "fields": {"post": 12, "user": 17, "content": "hmbvcm", "timestamp": "2019-12-25T11:02:05.581Z"}}, {"model": "blog.comment", "pk": 34, "fields": {"post": 12, "user": 17, "content": "bv cvmn", "timestamp": "2019-12-25T11:06:37.980Z"}}, {"model": "blog.comment", "pk": 35, "fields": {"post": 12, "user": 17, "content": "b vm ", "timestamp": "2019-12-25T11:09:44.756Z"}}, {"model": "blog.comment", "pk": 36, "fields": {"post": 12, "user": 17, "content": "b,gb.", "timestamp": "2019-12-25T11:10:36.321Z"}}, {"model": "blog.comment", "pk": 37, "fields": {"post": 12, "user": 17, "content": " n cgnmcfgmn cg", "timestamp": "2019-12-25T11:11:44.813Z"}}, {"model": "blog.comment", "pk": 38, "fields": {"post": 12, "user": 17, "content": "nnfn", "timestamp": "2019-12-25T11:12:34.486Z"}}, {"model": "blog.comment", "pk": 39, "fields": {"post": 12, "user": 17, "content": "dsv", "timestamp": "2019-12-25T11:14:21.306Z"}}, {"model": "blog.comment", "pk": 40, "fields": {"post": 12, "user": 17, "content": "vbnmgv", "timestamp": "2019-12-25T11:15:14.305Z"}}, {"model": "blog.comment", "pk": 41, "fields": {"post": 26, "user": 17, "content": "hlw", "timestamp": "2019-12-25T17:48:04.828Z"}}, {"model": "blog.comment", "pk": 42, "fields": {"post": 26, "user": 17, "content": "hi", "timestamp": "2019-12-25T17:49:06.796Z"}}, {"model": "blog.comment", "pk": 43, "fields": {"post": 26, "user": 17, "content": "fsad", "timestamp": "2019-12-25T17:51:26.621Z"}}, {"model": "blog.comment", "pk": 44, "fields": {"post": 26, "user": 17, "content": "vbn", "timestamp": "2019-12-25T17:53:18.177Z"}}, {"model": "blog.comment", "pk": 45, "fields": {"post": 26, "user": 17, "content": "xbxbxsb", "timestamp": "2019-12-25T17:54:30.391Z"}}, {"model": "blog.comment", "pk": 46, "fields": {"post": 26, "user": 17, "content": "fghfg", "timestamp": "2019-12-25T17:55:31.732Z"}}, {"model": "blog.comment", "pk": 47, "fields": {"post": 26, "user": 17, "content": "cbcb", "timestamp": "2019-12-25T17:57:36.145Z"}}, {"model": "blog.comment", "pk": 48, "fields": {"post": 26, "user": 17, "content": ",n//gviuj", "timestamp": "2019-12-25T17:58:25.114Z"}}, {"model": "blog.comment", "pk": 49, "fields": {"post": 26, "user": 17, "content": "nbd", "timestamp": "2019-12-25T18:00:59.008Z"}}, {"model": "blog.comment", "pk": 50, "fields": {"post": 26, "user": 17, "content": "hjho", "timestamp": "2019-12-25T18:03:50.698Z"}}, {"model": "blog.comment", "pk": 51, "fields": {"post": 26, "user": 17, "content": "vhhjkgck", "timestamp": "2019-12-25T18:06:59.235Z"}}, {"model": "blog.comment", "pk": 52, "fields": {"post": 26, "user": 17, "content": "bvnxn", "timestamp": "2019-12-25T18:10:08.270Z"}}, {"model": "blog.comment", "pk": 53, "fields": {"post": 26, "user": 17, "content": "ghdf", "timestamp": "2019-12-25T18:13:29.984Z"}}, {"model": "blog.comment", "pk": 54, "fields": {"post": 26, "user": 17, "content": "dsvvsv", "timestamp": "2019-12-25T18:17:02.278Z"}}, {"model": "blog.comment", "pk": 55, "fields": {"post": 26, "user": 17, "content": "bnkfg", "timestamp": "2019-12-25T18:18:00.645Z"}}, {"model": "blog.comment", "pk": 56, "fields": {"post": 26, "user": 17, "content": "cvbxb", "timestamp": "2019-12-25T18:20:38.162Z"}}, {"model": "blog.comment", "pk": 57, "fields": {"post": 26, "user": 17, "content": "gfdxngfn", "timestamp": "2019-12-25T18:28:27.185Z"}}, {"model": "blog.comment", "pk": 58, "fields": {"post": 26, "user": 17, "content": "xbzbdb", "timestamp": "2019-12-25T18:28:47.138Z"}}, {"model": "blog.comment", "pk": 59, "fields": {"post": 26, "user": 17, "content": "ghdfh", "timestamp": "2019-12-25T18:35:06.847Z"}}, {"model": "blog.comment", "pk": 60, "fields": {"post": 26, "user": 17, "content": "bnvnn", "timestamp": "2019-12-25T18:37:09.418Z"}}, {"model": "blog.comment", "pk": 61, "fields": {"post": 26, "user": 17, "content": "saffdef", "timestamp": "2019-12-25T18:37:56.055Z"}}, {"model": "blog.comment", "pk": 62, "fields": {"post": 26, "user": 17, "content": "dasdasd", "timestamp": "2019-12-25T18:38:53.692Z"}}, {"model": "blog.comment", "pk": 63, "fields": {"post": 26, "user": 17, "content": "vcxbn", "timestamp": "2019-12-25T18:40:51.744Z"}}, {"model": "blog.comment", "pk": 64, "fields": {"post": 26, "user": 17, "content": "csacsvs", "timestamp": "2019-12-25T18:41:51.999Z"}}, {"model": "blog.comment", "pk": 65, "fields": {"post": 26, "user": 17, "content": "vcnnxg", "timestamp": "2019-12-25T18:42:28.376Z"}}, {"model": "blog.comment", "pk": 66, "fields": {"post": 26, "user": 17, "content": "gujg", "timestamp": "2019-12-25T18:43:57.842Z"}}, {"model": "blog.comment", "pk": 67, "fields": {"post": 26, "user": 17, "content": "fdhdfh", "timestamp": "2019-12-25T18:47:41.295Z"}}, {"model": "blog.comment", "pk": 68, "fields": {"post": 26, "user": 17, "content": "sgdvg", "timestamp": "2019-12-25T18:48:22.889Z"}}, {"model": "blog.comment", "pk": 69, "fields": {"post": 26, "user": 17, "content": "sxgvss", "timestamp": "2019-12-25T18:48:35.079Z"}}, {"model": "blog.comment", "pk": 70, "fields": {"post": 20, "user": 17, "content": "what picture", "timestamp": "2019-12-25T18:50:10.815Z"}}, {"model": "blog.comment", "pk": 71, "fields": {"post": 20, "user": 17, "content": "what picture", "timestamp": "2019-12-25T18:51:03.760Z"}}, {"model": "blog.comment", "pk": 72, "fields": {"post": 12, "user": 17, "content": "fghnfg", "timestamp": "2019-12-25T18:54:19.618Z"}}, {"model": "blog.comment", "pk": 73, "fields": {"post": 12, "user": 17, "content": "nm,b", "timestamp": "2019-12-25T18:55:34.981Z"}}, {"model": "blog.comment", "pk": 74, "fields": {"post": 12, "user": 17, "content": "dsvs", "timestamp": "2019-12-25T18:58:05.394Z"}}, {"model": "blog.comment", "pk": 75, "fields": {"post": 12, "user": 17, "content": "csxdcv", "timestamp": "2019-12-25T18:59:42.990Z"}}, {"model": "blog.comment", "pk": 76, "fields": {"post": 12, "user": 17, "content": "nmv", "timestamp": "2019-12-25T19:01:05.624Z"}}, {"model": "blog.comment", "pk": 77, "fields": {"post": 12, "user": 17, "content": " cvcb", "timestamp": "2019-12-25T19:02:28.717Z"}}, {"model": "blog.comment", "pk": 78, "fields": {"post": 12, "user": 17, "content": " vbc", "timestamp": "2019-12-25T19:03:07.657Z"}}, {"model": "blog.comment", "pk": 79, "fields": {"post": 26, "user": 17, "content": "ncvnvcn", "timestamp": "2019-12-25T19:16:42.165Z"}}, {"model": "blog.comment", "pk": 80, "fields": {"post": 26, "user": 17, "content": "bncn", "timestamp": "2019-12-25T19:17:28.036Z"}}, {"model": "blog.comment", "pk": 81, "fields": {"post": 26, "user": 17, "content": "bcbgd", "timestamp": "2019-12-25T19:24:15.636Z"}}, {"model": "blog.comment", "pk": 82, "fields": {"post": 26, "user": 17, "content": "dfbdf", "timestamp": "2019-12-25T19:25:11.007Z"}}, {"model": "blog.comment", "pk": 83, "fields": {"post": 21, "user": 17, "content": "ys a video", "timestamp": "2019-12-25T19:40:06.950Z"}}, {"model": "blog.comment", "pk": 84, "fields": {"post": 21, "user": 17, "content": "hgdfkjdfszl", "timestamp": "2019-12-25T19:40:18.922Z"}}, {"model": "blog.comment", "pk": 85, "fields": {"post": 21, "user": 17, "content": "oh no", "timestamp": "2019-12-25T19:52:05.373Z"}}, {"model": "blog.comment", "pk": 86, "fields": {"post": 21, "user": 17, "content": "ghg", "timestamp": "2019-12-25T19:53:39.414Z"}}, {"model": "blog.comment", "pk": 87, "fields": {"post": 21, "user": 17, "content": "bnn", "timestamp": "2019-12-25T19:54:37.127Z"}}, {"model": "blog.friend", "pk": 3, "fields": {"current_user": 1, "users": [2, 7, 21]}}, {"model": "blog.friend", "pk": 4, "fields": {"current_user": 15, "users": [1, 2, 7, 14, 15, 16, 17, 18, 20, 21]}}, {"model": "blog.friend", "pk": 5, "fields": {"current_user": 17, "users": [1, 2, 7, 14]}}, {"model": "blog.friend", "pk": 6, "fields": {"current_user": 20, "users": [1]}}, {"model": "blog.post", "pk": 1, "fields": {"title": "blog 1 updated", "image": "post_pics/IMG_20191007_232800_663.jpg", "video": "", "content": "first updated post content!", "date_posted": "2019-09-17T19:07:04Z", "author": 1}}, {"model": "blog.post", "pk": 2, "fields": {"title": "blog 2", "image": "", "video": "", "content": "second post content!", "date_posted": "2019-09-17T19:22:21.297Z", "author": 1}}, {"model": "blog.post", "pk": 3, "fields": {"title": "blog 3", "image": "", "video": "", "content": "third post content!", "date_posted": "2019-09-17T19:29:38Z", "author": 2}}, {"model": "blog.post", "pk": 4, "fields": {"title": "blog post 4", "image": "", "video": "", "content": "My 4th blog post", "date_posted": "2019-10-09T16:08:32.985Z", "author": 15}}, {"model": "blog.post", "pk": 5, "fields": {"title": "blog 5", "image": "", "video": "", "content": "my fifth blog", "date_posted": "2019-10-09T16:18:21.054Z", "author": 15}}, {"model": "blog.post", "pk": 8, "fields": {"title": "7th blog", "image": "post_pics/76781885.jpg", "video": "", "content": "dfghsfghsfgbb", "date_posted": "2019-10-11T07:45:34Z", "author": 15}}, {"model": "blog.post", "pk": 9, "fields": {"title": "8th post", "image": "post_pics/4k-wallpaper-black-and-white-bone-1270184.jpg", "video": "", "content": "my 8th post", "date_posted": "2019-10-11T07:58:39Z", "author": 18}}, {"model": "blog.post", "pk": 10, "fields": {"title": "hello", "image": "", "video": "", "content": "hello guys", "date_posted": "2019-10-11T08:42:38.170Z", "author": 16}}, {"model": "blog.post", "pk": 11, "fields": {"title": "njjknvc", "image": "", "video": "", "content": "dfgdmdslvmdk", "date_posted": "2019-10-11T08:56:27.363Z", "author": 16}}, {"model": "blog.post", "pk": 12, "fields": {"title": "fghdsbdhnanb", "image": "post_pics/4k-wallpaper-blur-bokeh-1213447.jpg", "video": "", "content": "cvbadhn dahgadb", "date_posted": "2019-10-11T09:02:23.166Z", "author": 16}}, {"model": "blog.post", "pk": 18, "fields": {"title": "", "image": "post_pics/photo-1535498730771-e735b998cd64_XMG99jU.jpg", "video": "", "content": "Wall_E", "date_posted": "2019-10-21T19:42:03.150Z", "author": 17}}, {"model": "blog.post", "pk": 20, "fields": {"title": "", "image": "post_pics/gettyimages-836272842-612x612.jpg", "video": "", "content": "there goes a picture", "date_posted": "2019-11-01T12:07:20.355Z", "author": 15}}, {"model": "blog.post", "pk": 21, "fields": {"title": "", "image": "", "video": "post_videos/SampleVideo_720x480_2mb.mp4", "content": "there goes a video..oops! sorry", "date_posted": "2019-11-08T19:34:57.115Z", "author": 17}}, {"model": "blog.post", "pk": 26, "fields": {"title": "", "image": "post_pics/2018-09-11-image-34.jpg", "video": "", "content": "no caption", "date_posted": "2019-12-02T18:44:59.814Z", "author": 21}}]